{
        "Charge scaling factor": 0.0,
        "One_body": {
                "Ce": 185.54325344471286
        },
        "Two_body": {
                "Ce-O": {
                        "r_min": 1.7945880135242844,
                        "r_cut": 5.304588013524285,
                        "dr": 0.13,
                        "r": [
                                1.7945880135242844,
                                1.9245880135242843,
                                2.0545880135242847,
                                2.1845880135242846,
                                2.3145880135242844,
                                2.4445880135242843,
                                2.5745880135242842,
                                2.7045880135242846,
                                2.8345880135242845,
                                2.9645880135242844,
                                3.0945880135242847,
                                3.2245880135242846,
                                3.3545880135242845,
                                3.4845880135242844,
                                3.6145880135242843,
                                3.7445880135242846,
                                3.8745880135242845,
                                4.004588013524284,
                                4.134588013524285,
                                4.264588013524285,
                                4.3945880135242845,
                                4.524588013524284,
                                4.654588013524284,
                                4.784588013524285,
                                4.914588013524284,
                                5.044588013524285,
                                5.174588013524284,
                                5.304588013524285
                        ],
                        "exp_a": 1.0443373789582193,
                        "exp_b": 4.688538917497365,
                        "exp_c": -11.449820138066002,
                        "spl_a": [
                                5.233068724663245,
                                3.275631445037496,
                                1.9331863476673448,
                                1.1552240545400485,
                                0.7116500760017244,
                                0.43972657116762104,
                                0.2964270244275727,
                                0.22187387602470993,
                                0.19231247513584337,
                                0.1726017782156725,
                                0.15395652437751772,
                                0.13637671362057152,
                                0.11986234594402612,
                                0.10441342134707383,
                                0.09002993982890696,
                                0.07671190138871781,
                                0.06445930602568911,
                                0.05327215373900277,
                                0.043150444528007884,
                                0.03409417839223275,
                                0.026103355331412215,
                                0.019177975345430198,
                                0.01331803843424815,
                                0.008523544597853549,
                                0.004794493836241881,
                                0.0021308861494077017,
                                0.0005327215373387731,
                                0
                        ],
                        "spl_b": [
                                -17.42256442835393,
                                -12.69185525819609,
                                -7.96114631569015,
                                -4.396037721292023,
                                -2.6440013760407206,
                                -1.5394371600626702,
                                -0.7803204046505667,
                                -0.3666511092483953,
                                -0.15571860354960157,
                                -0.1475228875309861,
                                -0.13932717151858356,
                                -0.13113145551239397,
                                -0.12293573951241733,
                                -0.11474002351865366,
                                -0.10654430753110296,
                                -0.09834859154976515,
                                -0.09015287557486318,
                                -0.08195715960574568,
                                -0.07376144364095132,
                                -0.06556572767898695,
                                -0.057370011718385856,
                                -0.04917429575829788,
                                -0.04097857979836282,
                                -0.032782863838480746,
                                -0.024587147878628052,
                                -0.016391431918834614,
                                -0.008195715959181997,
                                0
                        ],
                        "spl_c": [
                                18.19503526983785,
                                18.19503526983785,
                                18.195033518669298,
                                9.228878745931695,
                                4.2483239098475725,
                                4.248323905368205,
                                1.5910357516479805,
                                1.5910357514456377,
                                0.031521984698930645,
                                0.03152198467503467,
                                0.031521984651138694,
                                0.03152198462724272,
                                0.03152198460334675,
                                0.031521984579450775,
                                0.0315219845555548,
                                0.031521984531658824,
                                0.031521984506048685,
                                0.031521984487163146,
                                0.03152198447279311,
                                0.031521984465394205,
                                0.03152198446230668,
                                0.0315219844614471,
                                0.03152198446113032,
                                0.03152198446103907,
                                0.03152198446090523,
                                0.03152198446058237,
                                0.03152198445982287,
                                0
                        ],