{
        "Charge scaling factor": 0.0,
        "One_body": {
                "Ce": 180.19941052823853
        },
        "Two_body": {
                "Ce-O": {
                        "r_min": 1.7945880135242844,
                        "r_cut": 5.304588013524285,
                        "dr": 0.13,
                        "r": [
                                1.7945880135242844,
                                1.9245880135242843,
                                2.0545880135242847,
                                2.1845880135242846,
                                2.3145880135242844,
                                2.4445880135242843,
                                2.5745880135242842,
                                2.7045880135242846,
                                2.8345880135242845,
                                2.9645880135242844,
                                3.0945880135242847,
                                3.2245880135242846,
                                3.3545880135242845,
                                3.4845880135242844,
                                3.6145880135242843,
                                3.7445880135242846,
                                3.8745880135242845,
                                4.004588013524284,
                                4.134588013524285,
                                4.264588013524285,
                                4.3945880135242845,
                                4.524588013524284,
                                4.654588013524284,
                                4.784588013524285,
                                4.914588013524284,
                                5.044588013524285,
                                5.174588013524284,
                                5.304588013524285
                        ],
                        "exp_a": 1.0073982116837648,
                        "exp_b": 4.806799807824518,
                        "exp_c": -13.395390984264072,
                        "spl_a": [
                                6.668767277992374,
                                4.385249716586797,
                                2.787571101630701,
                                1.8084029317378654,
                                1.1950009691643135,
                                0.7933492376221423,
                                0.5100001030180012,
                                0.32645367867939,
                                0.2291264449865553,
                                0.16327788497173198,
                                0.11329228656732508,
                                0.07673101883565371,
                                0.05115545083903639,
                                0.034126951639791896,
                                0.02320689030023899,
                                0.015956635882696392,
                                0.010343995939076292,
                                0.005962531979662787,
                                0.002812244003895029,
                                0.000893132009854843,
                                0.00011465600213108911,
                                -5.1255798344337356e-14,
                                -4.193405642574838e-14,
                                -2.7603159540599136e-14,
                                -1.44945008134716e-14,
                                -5.463275142135689e-15,
                                -9.925489610280553e-16,
                                0
                        ],
                        "spl_b": [
                                -20.21259715233719,
                                -14.918442253902493,
                                -9.679699440399093,
                                -5.828455019476405,
                                -3.7580989232273545,
                                -2.5634653056693386,
                                -1.795752149779432,
                                -1.0280389938918304,
                                -0.5737916753789134,
                                -0.4423895440000118,
                                -0.3297461121417349,
                                -0.23586137980408334,
                                -0.16073534698705674,
                                -0.10436801369065515,
                                -0.06675937991487857,
                                -0.04790944565972691,
                                -0.03843886116535269,
                                -0.02896827667194602,
                                -0.019497692189507837,
                                -0.010027107719436275,
                                -0.0026459077426842013,
                                3.23246762035122e-14,
                                1.005203050863888e-13,
                                1.1142422969104337e-13,
                                8.700329027890219e-14,
                                5.148301838865942e-14,
                                1.864814045361817e-14,
                                0
                        ],
                        "spl_c": [
                                20.36213422474884,
                                20.36213422474884,
                                19.935887417584908,
                                9.689069666435786,
                                6.236746458556921,
                                2.9527429072739797,
                                2.952742907263766,
                                2.9527429072562326,
                                0.5414672351508236,
                                0.46931839084072746,
                                0.3971695465306313,
                                0.32502070222053514,
                                0.252871857910439,
                                0.1807230136003428,
                                0.10857416929024662,
                                0.03642532498015047,
                                0.036425324976574316,
                                0.03642532497270806,
                                0.03642532489220057,
                                0.036425324877580746,
                                0.020353136482050626,
                                3.842112592676457e-13,
                                1.4037050136986726e-13,
                                -5.6494158257140487e-14,
                                -1.313592218362546e-13,
                                -1.4187363885791892e-13,
                                -1.1070234525778492e-13,
                                0
                        ],